link,publish,title
http://sztqb.sznews.com/html/2017-03/07/content_3735780.htm,2017年03月03日 星期五,质量成就未来
http://sztqb.sznews.com/html/2017-03/07/content_3735779.htm,2017年03月03日 星期五,全国政协十二届五次会议下午开幕
http://sztqb.sznews.com/html/2017-03/07/content_3735781.htm,2017年03月03日 星期五,不断开创“三农”和 扶贫开发工作新局面
http://sztqb.sznews.com/html/2017-03/07/content_3735782.htm,2017年03月03日 星期五,中国经济仍是世界经济最强劲“发动机”
http://sztqb.sznews.com/html/2017-03/07/content_3735783.htm,2017年03月03日 星期五,全力以赴抓紧抓实各项工作 确保经济社会平稳健康运行
http://sztqb.sznews.com/html/2017-03/07/content_3735784.htm,2017年03月03日 星期五,代表委员 抵京报到
http://sztqb.sznews.com/html/2017-03/07/content_3735791.htm,2017年03月03日 星期五,增至13名
http://sztqb.sznews.com/html/2017-03/07/content_3735793.htm,2017年03月03日 星期五,市国资委推出十大行动计划
http://sztqb.sznews.com/html/2017-03/07/content_3735794.htm,2017年03月03日 星期五,以多元举措创新思维谋划党建与组织工作
http://sztqb.sznews.com/html/2017-03/07/content_3735785.htm,2017年03月03日 星期五,为中国特色社会主义伟大事业凝心聚力
http://sztqb.sznews.com/html/2017-03/07/content_3735790.htm,2017年03月03日 星期五,“养犬计分制”是 犬类管理的创新思维
http://sztqb.sznews.com/html/2017-03/07/content_3735792.htm,2017年03月03日 星期五,推荐？推“贱”！
http://sztqb.sznews.com/html/2017-03/07/content_3735804.htm,2017年03月03日 星期五,以机制创新加快推进 基本公共服务均等化
http://sztqb.sznews.com/html/2017-03/07/content_3735806.htm,2017年03月03日 星期五,质量成就未来
http://sztqb.sznews.com/html/2017-03/07/content_3735786.htm,2017年03月03日 星期五,不同的履职故事 同样的尽职尽责
http://sztqb.sznews.com/html/2017-03/07/content_3735787.htm,2017年03月03日 星期五,接地气 很生动 够精彩
http://sztqb.sznews.com/html/2017-03/07/content_3735788.htm,2017年03月03日 星期五,中国经济仍是世界经济最强劲“发动机”
http://sztqb.sznews.com/html/2017-03/07/content_3735789.htm,2017年03月03日 星期五,龙华全面构建“不敢腐不能腐不想腐”战略机制
http://sztqb.sznews.com/html/2017-03/07/content_3735796.htm,2017年03月03日 星期五,全心提质量是最应坚守的发展之道
http://sztqb.sznews.com/html/2017-03/07/content_3735797.htm,2017年03月03日 星期五,推广深圳“质量GDP”核算体系
http://sztqb.sznews.com/html/2017-03/07/content_3735798.htm,2017年03月03日 星期五,我国重型火箭发动机 技术攻关取得突破
http://sztqb.sznews.com/html/2017-03/07/content_3735813.htm,2017年03月03日 星期五,在深建立国家工业设计研究院
http://sztqb.sznews.com/html/2017-03/07/content_3735814.htm,2017年03月03日 星期五,提案成国家施政内容
http://sztqb.sznews.com/html/2017-03/07/content_3735815.htm,2017年03月03日 星期五,立法为大数据装上“安全阀”
http://sztqb.sznews.com/html/2017-03/07/content_3735799.htm,2017年03月03日 星期五,许勤会见 中国交通建设集团有限公司客人
http://sztqb.sznews.com/html/2017-03/07/content_3735800.htm,2017年03月03日 星期五,“正风反腐带来了发展的春天！”
http://sztqb.sznews.com/html/2017-03/07/content_3735801.htm,2017年03月03日 星期五,IT领袖峰会4月初在深举行
http://sztqb.sznews.com/html/2017-03/07/content_3735802.htm,2017年03月03日 星期五,正风反腐：深圳发展的护航船
http://sztqb.sznews.com/html/2017-03/07/content_3735803.htm,2017年03月03日 星期五,走街串巷检查深圳市容环境
http://sztqb.sznews.com/html/2017-03/07/content_3735805.htm,2017年03月03日 星期五,以多元举措创新思维谋划党建与组织工作
http://sztqb.sznews.com/html/2017-03/07/content_3735807.htm,2017年03月03日 星期五,为党的十九大胜利召开营造良好氛围凝聚强大正能量
http://sztqb.sznews.com/html/2017-03/07/content_3735809.htm,2017年03月03日 星期五,积极探索民主监督新形式新方法
http://sztqb.sznews.com/html/2017-03/07/content_3735810.htm,2017年03月03日 星期五,不断开创“三农”和 扶贫开发工作新局面
http://sztqb.sznews.com/html/2017-03/07/content_3735811.htm,2017年03月03日 星期五,共建创新实验室和体验中心
http://sztqb.sznews.com/html/2017-03/07/content_3735812.htm,2017年03月03日 星期五,南山再添新地标 打造文化中心城区
http://sztqb.sznews.com/html/2017-03/07/content_3735816.htm,2017年03月03日 星期五,光明新区全面打响“交通大会战”
http://sztqb.sznews.com/html/2017-03/07/content_3735817.htm,2017年03月03日 星期五,“行走深圳”常态开展 “曝家丑”补短板
http://sztqb.sznews.com/html/2017-03/07/content_3735820.htm,2017年03月03日 星期五,建立三大机制强化问题整改落实
http://sztqb.sznews.com/html/2017-03/07/content_3735818.htm,2017年03月03日 星期五,“拓展空间保障发展”宝安在行动
http://sztqb.sznews.com/html/2017-03/07/content_3735821.htm,2017年03月03日 星期五,2016年典型案例
http://sztqb.sznews.com/html/2017-03/07/content_3735819.htm,2017年03月03日 星期五,国资国企勇当城市质量提升年主力军
http://sztqb.sznews.com/html/2017-03/07/content_3735822.htm,2017年03月03日 星期五,以创新为核心推进供给侧结构性改革
http://sztqb.sznews.com/html/2017-03/07/content_3735823.htm,2017年03月03日 星期五,地铁10号线征拆难点签约逾6成
http://sztqb.sznews.com/html/2017-03/07/content_3735825.htm,2017年03月03日 星期五,地铁6号线首段隧道贯通
http://sztqb.sznews.com/html/2017-03/07/content_3735826.htm,2017年03月03日 星期五,“深港通”增值税 首笔税款入库
http://sztqb.sznews.com/html/2017-03/07/content_3735827.htm,2017年03月03日 星期五,我市失业保险费率今年不调整
http://sztqb.sznews.com/html/2017-03/07/content_3735828.htm,2017年03月03日 星期五,企业文化微电影大赛昨颁奖
http://sztqb.sznews.com/html/2017-03/07/content_3735824.htm,2017年03月03日 星期五,今日 天气
http://sztqb.sznews.com/html/2017-03/07/content_3735829.htm,2017年03月03日 星期五,中国福利彩票“双色球”
http://sztqb.sznews.com/html/2017-03/07/content_3735830.htm,2017年03月03日 星期五,今年旧工业区综合整治将达百万平方米
http://sztqb.sznews.com/html/2017-03/07/content_3736721.htm,2017年03月03日 星期五,深圳—德国弗莱堡大学 心脏中心开始运营
http://sztqb.sznews.com/html/2017-03/07/content_3736722.htm,2017年03月03日 星期五,自闭症孩子眼中不老的妮妮姐
http://sztqb.sznews.com/html/2017-03/07/content_3736723.htm,2017年03月03日 星期五,龙岗拟打通三条战略通道
http://sztqb.sznews.com/html/2017-03/07/content_3736724.htm,2017年03月03日 星期五,华大基因参与发起 “地球生物基因组计划”
http://sztqb.sznews.com/html/2017-03/07/content_3736725.htm,2017年03月03日 星期五,深圳技术大学 首位外籍特聘教授上岗
http://sztqb.sznews.com/html/2017-03/07/content_3736726.htm,2017年03月03日 星期五,市食药局公布1月份 农产品质量安全例行监测结果
http://sztqb.sznews.com/html/2017-03/07/content_3735743.htm,2017年03月03日 星期五,微波武器开辟新作战方式
http://sztqb.sznews.com/html/2017-03/07/content_3735751.htm,2017年03月03日 星期五,宝安国防教育再添海训利器
http://sztqb.sznews.com/html/2017-03/07/content_3735765.htm,2017年03月03日 星期五,边防总医院名医 巡诊边防官兵
http://sztqb.sznews.com/html/2017-03/07/content_3735766.htm,2017年03月03日 星期五,刘帅：“舍小家、为大家”的侦查能手
http://sztqb.sznews.com/html/2017-03/07/content_3735770.htm,2017年03月03日 星期五,坪山多条道路将统称“坪山大道”
http://sztqb.sznews.com/html/2017-03/07/content_3735771.htm,2017年03月03日 星期五,22名市民获奖逾万元
http://sztqb.sznews.com/html/2017-03/07/content_3735772.htm,2017年03月03日 星期五,重拳直指景区 购物中心餐饮
http://sztqb.sznews.com/html/2017-03/07/content_3735773.htm,2017年03月03日 星期五,冬春防护期每日消防战报（3月1日）
http://sztqb.sznews.com/html/2017-03/07/content_3735774.htm,2017年03月03日 星期五,我市去年查处“黑车”4100辆
http://sztqb.sznews.com/html/2017-03/07/content_3735742.htm,2017年03月03日 星期五,广东启动“三年行动计划” 维修保护红色军事文化遗产
http://sztqb.sznews.com/html/2017-03/07/content_3735745.htm,2017年03月03日 星期五,延迟退休何时是“窗口期”
http://sztqb.sznews.com/html/2017-03/07/content_3735747.htm,2017年03月03日 星期五,莫高义任韶关市委书记
http://sztqb.sznews.com/html/2017-03/07/content_3735748.htm,2017年03月03日 星期五,海空实兵对抗演练
http://sztqb.sznews.com/html/2017-03/07/content_3735749.htm,2017年03月03日 星期五,外企在华经营须依法合规
http://sztqb.sznews.com/html/2017-03/07/content_3735753.htm,2017年03月03日 星期五,每位老人最高可赔付25万元
http://sztqb.sznews.com/html/2017-03/07/content_3735756.htm,2017年03月03日 星期五,自助售货行业加快向规模化转型
http://sztqb.sznews.com/html/2017-03/07/content_3735759.htm,2017年03月03日 星期五,连接粤东三市 串起深汕高速
http://sztqb.sznews.com/html/2017-03/07/content_3735762.htm,2017年03月03日 星期五,红棉路沙荷路有望明年通车
http://sztqb.sznews.com/html/2017-03/07/content_3735744.htm,2017年03月03日 星期五,马方将释放一名涉案朝鲜籍男子
http://sztqb.sznews.com/html/2017-03/07/content_3735750.htm,2017年03月03日 星期五,英国上议院拒绝批准 政府提交的“脱欧”法案
http://sztqb.sznews.com/html/2017-03/07/content_3735754.htm,2017年03月03日 星期五,朝鲜代表团要求马方 尽快归还朝鲜男子遗体
http://sztqb.sznews.com/html/2017-03/07/content_3735757.htm,2017年03月03日 星期五,玻利维亚狂欢节期间 67人死于非命
http://sztqb.sznews.com/html/2017-03/07/content_3735760.htm,2017年03月03日 星期五,澳大利亚召全球大使回国
http://sztqb.sznews.com/html/2017-03/07/content_3735763.htm,2017年03月03日 星期五,美司法部长否认 曾与俄官员谈论美国大选
http://sztqb.sznews.com/html/2017-03/07/content_3735764.htm,2017年03月03日 星期五,福田区政协举行对口协商议政会
http://sztqb.sznews.com/html/2017-03/07/content_3735767.htm,2017年03月03日 星期五,龙岗集中销毁直排式热水器1280台
http://sztqb.sznews.com/html/2017-03/07/content_3735768.htm,2017年03月03日 星期五,晚间突击检查基层隐患排查整治
http://sztqb.sznews.com/html/2017-03/07/content_3735769.htm,2017年03月03日 星期五,国乒“地表最强12人”抵深备战
http://sztqb.sznews.com/html/2017-03/07/content_3735775.htm,2017年03月03日 星期五,巴萨主帅恩里克 宣布本赛季后离任
http://sztqb.sznews.com/html/2017-03/07/content_3735776.htm,2017年03月03日 星期五,中国女足一球告负
http://sztqb.sznews.com/html/2017-03/07/content_3735777.htm,2017年03月03日 星期五,“假新闻”推动不了改革进步
http://sztqb.sznews.com/html/2017-03/07/content_3735778.htm,2017年03月03日 星期五,“行走布吉”齐心协力打造整洁城区
http://sztqb.sznews.com/html/2017-03/07/content_3735971.htm,2017年03月03日 星期五,治理乱象 完善监管
http://sztqb.sznews.com/html/2017-03/07/content_3735972.htm,2017年03月03日 星期五,深圳合规企业居前
http://sztqb.sznews.com/html/2017-03/07/content_3735980.htm,2017年03月03日 星期五,调控之下， 极小户型为何走俏
http://sztqb.sznews.com/html/2017-03/07/content_3735981.htm,2017年03月03日 星期五,我国涌现131家 “独角兽”企业
http://sztqb.sznews.com/html/2017-03/07/content_3735982.htm,2017年03月03日 星期五,2020年中国将成 第二大葡萄酒市场
http://sztqb.sznews.com/html/2017-03/07/content_3735983.htm,2017年03月03日 星期五,近六成高管认同 “一带一路”投资机遇
http://sztqb.sznews.com/html/2017-03/07/content_3735984.htm,2017年03月03日 星期五,债市步入调整节奏
http://sztqb.sznews.com/html/2017-03/07/content_3735985.htm,2017年03月03日 星期五,快递末端配送有三难
http://sztqb.sznews.com/html/2017-03/07/content_3735986.htm,2017年03月03日 星期五,深企通讯产品 亮相MWC展
http://sztqb.sznews.com/html/2017-03/07/content_3735973.htm,2017年03月03日 星期五,三只新股今日申购
http://sztqb.sznews.com/html/2017-03/07/content_3735974.htm,2017年03月03日 星期五,定增“赚折价”模式或难持续
http://sztqb.sznews.com/html/2017-03/07/content_3735975.htm,2017年03月03日 星期五,万峰嘉晔举牌常山股份
http://sztqb.sznews.com/html/2017-03/07/content_3735976.htm,2017年03月03日 星期五,方正证券终止 收购保险资产
http://sztqb.sznews.com/html/2017-03/07/content_3735977.htm,2017年03月03日 星期五,研报淘金
http://sztqb.sznews.com/html/2017-03/07/content_3735990.htm,2017年03月03日 星期五,沪深股指同步回调
http://sztqb.sznews.com/html/2017-03/07/content_3735992.htm,2017年03月03日 星期五,沪港深基金收益领跑市场
http://sztqb.sznews.com/html/2017-03/07/content_3735994.htm,2017年03月03日 星期五,收回天瑞集团 短线交易收益
http://sztqb.sznews.com/html/2017-03/07/content_3735995.htm,2017年03月03日 星期五,中小板企业热衷“高送转”
http://sztqb.sznews.com/html/2017-03/07/content_3735996.htm,2017年03月03日 星期五,通告
http://sztqb.sznews.com/html/2017-03/07/content_3735978.htm,2017年03月03日 星期五,传承“李家山水” 悟道水墨家园
http://sztqb.sznews.com/html/2017-03/07/content_3735987.htm,2017年03月03日 星期五,上海大戏院重新开张
http://sztqb.sznews.com/html/2017-03/07/content_3735988.htm,2017年03月03日 星期五,“德国手工制造”展 亮相香港
http://sztqb.sznews.com/html/2017-03/07/content_3735991.htm,2017年03月03日 星期五,湖贝片区城市更新项目被搬迁房屋确权公示名单（第四批）
http://sztqb.sznews.com/html/2017-03/07/content_3735979.htm,2017年03月03日 星期五,顶级名团 宏大歌剧 经典话剧戏曲 纷纷来袭
http://sztqb.sznews.com/html/2017-03/07/content_3736006.htm,2017年03月03日 星期五,范伟遭遇 “出不去的愚人节”
http://sztqb.sznews.com/html/2017-03/07/content_3736010.htm,2017年03月03日 星期五,《大明四臣相》 本周末深圳上演
http://sztqb.sznews.com/html/2017-03/07/content_3736011.htm,2017年03月03日 星期五,《金刚狼》系列谢幕看哭观众
http://sztqb.sznews.com/html/2017-03/07/content_3736017.htm,2017年03月03日 星期五,商界局外人(13)
http://sztqb.sznews.com/html/2017-03/07/content_3736019.htm,2017年03月03日 星期五,智能主义（8）
http://sztqb.sznews.com/html/2017-03/07/content_3735989.htm,2017年03月03日 星期五,星河控股集团、 张江高科达成战略合作
http://sztqb.sznews.com/html/2017-03/07/content_3736000.htm,2017年03月03日 星期五,长实意花园销售逾九成 拟招标出售“大亨屋”
http://sztqb.sznews.com/html/2017-03/07/content_3736001.htm,2017年03月03日 星期五,国房论坛 聚焦楼市与城市更新
http://sztqb.sznews.com/html/2017-03/07/content_3736002.htm,2017年03月03日 星期五,新力集团举行“城市新力量” 品牌战略发布会
http://sztqb.sznews.com/html/2017-03/07/content_3736003.htm,2017年03月03日 星期五,久久国际立足马来西亚 推光之湾“亚昕喜来城”
http://sztqb.sznews.com/html/2017-03/07/content_3736004.htm,2017年03月03日 星期五,安居客携手万科 亮相深圳婚博会
http://sztqb.sznews.com/html/2017-03/07/content_3736005.htm,2017年03月03日 星期五,京东家电六大战略 构建共赢生态
http://sztqb.sznews.com/html/2017-03/07/content_3736008.htm,2017年03月03日 星期五,苏宁携手供应商启动“+盾行动”
http://sztqb.sznews.com/html/2017-03/07/content_3736018.htm,2017年03月03日 星期五,QQ智慧校园与百余所高校战略合作
http://sztqb.sznews.com/html/2017-03/07/content_3736022.htm,2017年03月03日 星期五,诺瓦2017新品发布会深圳站召开
http://sztqb.sznews.com/html/2017-03/07/content_3736009.htm,2017年03月03日 星期五,深青企联召开七届二次理事大会
http://sztqb.sznews.com/html/2017-03/07/content_3736013.htm,2017年03月03日 星期五,2017汽车后市场展AAITF在深举办
http://sztqb.sznews.com/html/2017-03/07/content_3736014.htm,2017年03月03日 星期五,粤通卡将开通电子发票业务 继续完善线上线下充值服务
http://sztqb.sznews.com/html/2017-03/07/content_3736015.htm,2017年03月03日 星期五,深圳国际先进制造与智能 工厂展关注产业转型升级
http://sztqb.sznews.com/html/2017-03/07/content_3736016.htm,2017年03月03日 星期五,这个周末，去体验“舌尖上的深圳”
http://sztqb.sznews.com/html/2017-03/07/content_3736023.htm,2017年03月03日 星期五,星巴克首推 中国单一产区咖啡豆
http://sztqb.sznews.com/html/2017-03/07/content_3736031.htm,2017年03月03日 星期五,欧尼迩OZZO发布 “轻智能”系列服装
http://sztqb.sznews.com/html/2017-03/07/content_3736032.htm,2017年03月03日 星期五,时尚大牌捕捉“丛林幻境”
http://sztqb.sznews.com/html/2017-03/07/content_3736033.htm,2017年03月03日 星期五,面粉制作变色发红莫要惊慌
http://sztqb.sznews.com/html/2017-03/07/content_3736034.htm,2017年03月03日 星期五,苏荷酒吧首推 “洋酒文化月”
http://sztqb.sznews.com/html/2017-03/07/content_3736020.htm,2017年03月03日 星期五,芝华仕行业首发声 “30天无理由退换货”
http://sztqb.sznews.com/html/2017-03/07/content_3736021.htm,2017年03月03日 星期五,福永红树湾将举办万人团购会
http://sztqb.sznews.com/html/2017-03/07/content_3736025.htm,2017年03月03日 星期五,宝安·福永办公家具 采购节今日闭幕
http://sztqb.sznews.com/html/2017-03/07/content_3736026.htm,2017年03月03日 星期五,宜家PS2017及SPRIDD两大新品上市
http://sztqb.sznews.com/html/2017-03/07/content_3736027.htm,2017年03月03日 星期五,深圳家装家居行业协会春茗会成功举行
http://sztqb.sznews.com/html/2017-03/07/content_3736028.htm,2017年03月03日 星期五,第39届中国广州国际家具博览会3月18日启幕
http://sztqb.sznews.com/html/2017-03/07/content_3736029.htm,2017年03月03日 星期五,名家居世博园将办工艺传承与创新展
