text,link,publish,title
,http://sztqb.sznews.com/html/2017-03/06/content_3737807.htm,2017年03月06日 星期一,十二届全国人大五次会议在京开幕
,http://sztqb.sznews.com/html/2017-03/06/content_3737806.htm,2017年03月06日 星期一,践行新发展理念深化改革开放 加快建设现代化国际大都市
,http://sztqb.sznews.com/html/2017-03/06/content_3737808.htm,2017年03月06日 星期一,推动广东经济社会平稳健康发展
,http://sztqb.sznews.com/html/2017-03/06/content_3737809.htm,2017年03月06日 星期一,融入全球化的“深圳方案”
,http://sztqb.sznews.com/html/2017-03/06/content_3737810.htm,2017年03月06日 星期一,推动广东区域城乡协调发展
,http://sztqb.sznews.com/html/2017-03/06/content_3737811.htm,2017年03月06日 星期一,认真贯彻落实中央部署要求 以特区担当为全国全省发展作贡献
,http://sztqb.sznews.com/html/2017-03/06/content_3737518.htm,2017年03月06日 星期一,张德江俞正声刘云山王岐山参加代表团审议
,http://sztqb.sznews.com/html/2017-03/06/content_3737519.htm,2017年03月06日 星期一,践行新发展理念深化改革开放 加快建设现代化国际大都市
,http://sztqb.sznews.com/html/2017-03/06/content_3737520.htm,2017年03月06日 星期一,推动广东经济社会平稳健康发展
,http://sztqb.sznews.com/html/2017-03/06/content_3737521.htm,2017年03月06日 星期一,2016:“十三五”实现良好开局
,http://sztqb.sznews.com/html/2017-03/06/content_3737522.htm,2017年03月06日 星期一,2017：经济增长预期目标6.5%左右
,http://sztqb.sznews.com/html/2017-03/06/content_3737523.htm,2017年03月06日 星期一,每5分钟一位部长走上发布台
,http://sztqb.sznews.com/html/2017-03/06/content_3737524.htm,2017年03月06日 星期一,为何将GDP增速设在6.5%左右 并在实际工作中争取更好结果
,http://sztqb.sznews.com/html/2017-03/06/content_3737525.htm,2017年03月06日 星期一,质量落在细微处 匠心彰显大国力
,http://sztqb.sznews.com/html/2017-03/06/content_3737526.htm,2017年03月06日 星期一,龙岗：突出问题导向提升城区环境品质
,http://sztqb.sznews.com/html/2017-03/06/content_3737527.htm,2017年03月06日 星期一,携手打造全球区域创新中心
,http://sztqb.sznews.com/html/2017-03/06/content_3737536.htm,2017年03月06日 星期一,减税降费让企业轻装上阵
,http://sztqb.sznews.com/html/2017-03/06/content_3737538.htm,2017年03月06日 星期一,海绵城市：既有“面子”更有“里子”
,http://sztqb.sznews.com/html/2017-03/06/content_3737540.htm,2017年03月06日 星期一,深圳应发挥引领者推动者作用
,http://sztqb.sznews.com/html/2017-03/06/content_3737541.htm,2017年03月06日 星期一,深圳市人民政府国有资产监督管理委员会公开选聘专职外部董事公告
,http://sztqb.sznews.com/html/2017-03/06/content_3737528.htm,2017年03月06日 星期一,亲眼见到很多自己的提案落地
,http://sztqb.sznews.com/html/2017-03/06/content_3737529.htm,2017年03月06日 星期一,认真贯彻落实中央部署要求 以特区担当为全国全省发展作贡献
,http://sztqb.sznews.com/html/2017-03/06/content_3737530.htm,2017年03月06日 星期一,警惕“脱实向虚”做好主业练好内功
,http://sztqb.sznews.com/html/2017-03/06/content_3737531.htm,2017年03月06日 星期一,十二届全国人大五次会议在京开幕
,http://sztqb.sznews.com/html/2017-03/06/content_3737532.htm,2017年03月06日 星期一,“让知识分子得到更多尊重”
,http://sztqb.sznews.com/html/2017-03/06/content_3737533.htm,2017年03月06日 星期一,推动广东区域城乡协调发展
,http://sztqb.sznews.com/html/2017-03/06/content_3737534.htm,2017年03月06日 星期一,让大家想干敢干干得成
,http://sztqb.sznews.com/html/2017-03/06/content_3737545.htm,2017年03月06日 星期一,莫让育儿成本成为 “全面二孩”“拦路虎”
,http://sztqb.sznews.com/html/2017-03/06/content_3737546.htm,2017年03月06日 星期一,城镇化和旧村改造不能沦为房地产化
,http://sztqb.sznews.com/html/2017-03/06/content_3737547.htm,2017年03月06日 星期一,争分夺秒 阅读报告
,http://sztqb.sznews.com/html/2017-03/06/content_3737553.htm,2017年03月06日 星期一,融入全球化的“深圳方案”
,http://sztqb.sznews.com/html/2017-03/06/content_3737556.htm,2017年03月06日 星期一,开放型经济体系中的深圳“新机遇”
,http://sztqb.sznews.com/html/2017-03/06/content_3737558.htm,2017年03月06日 星期一,深圳的城市吸引力与日俱增
,http://sztqb.sznews.com/html/2017-03/06/content_3737560.htm,2017年03月06日 星期一,冬春防护期每日消防战报（3月4日）
,http://sztqb.sznews.com/html/2017-03/06/content_3737548.htm,2017年03月06日 星期一,推动全面从严治党向纵深发展
,http://sztqb.sznews.com/html/2017-03/06/content_3737549.htm,2017年03月06日 星期一,前海将打造 中英金融科技城
,http://sztqb.sznews.com/html/2017-03/06/content_3737550.htm,2017年03月06日 星期一,深圳新市民文明素养 培训工作启动
,http://sztqb.sznews.com/html/2017-03/06/content_3737551.htm,2017年03月06日 星期一,五市将拓展深层次宽领域警务协作
,http://sztqb.sznews.com/html/2017-03/06/content_3737554.htm,2017年03月06日 星期一,首届深圳志愿文化 峰会召开
,http://sztqb.sznews.com/html/2017-03/06/content_3737555.htm,2017年03月06日 星期一,小一初一学位报名本月下旬启动
,http://sztqb.sznews.com/html/2017-03/06/content_3737557.htm,2017年03月06日 星期一,普宁潮商合作发展 高峰论坛在深举行
,http://sztqb.sznews.com/html/2017-03/06/content_3737559.htm,2017年03月06日 星期一,一项温情贴心的公共文化服务
,http://sztqb.sznews.com/html/2017-03/06/content_3737561.htm,2017年03月06日 星期一,雷光辉：守护地铁站平安的靓丽警姐
,http://sztqb.sznews.com/html/2017-03/06/content_3737552.htm,2017年03月06日 星期一,坪山为东部中心建设营造和谐法治环境
,http://sztqb.sznews.com/html/2017-03/06/content_3737564.htm,2017年03月06日 星期一,药事管理须“铁腕疗顽疾”
,http://sztqb.sznews.com/html/2017-03/06/content_3737563.htm,2017年03月06日 星期一,身边的“雷锋”就是这样做的
,http://sztqb.sznews.com/html/2017-03/06/content_3737565.htm,2017年03月06日 星期一,获万米级海洋人工地震剖面数据
,http://sztqb.sznews.com/html/2017-03/06/content_3737566.htm,2017年03月06日 星期一,助力中小微企业发展和转型升级
,http://sztqb.sznews.com/html/2017-03/06/content_3737567.htm,2017年03月06日 星期一,台当局借政治炒作阻两岸教育交流
,http://sztqb.sznews.com/html/2017-03/06/content_3737568.htm,2017年03月06日 星期一,澳门“旅游警察”亮相
,http://sztqb.sznews.com/html/2017-03/06/content_3737569.htm,2017年03月06日 星期一,弘扬“大医精诚”争做“苍生大医”
,http://sztqb.sznews.com/html/2017-03/06/content_3737573.htm,2017年03月06日 星期一,台多地肉鸭场再传禽流感疫情
,http://sztqb.sznews.com/html/2017-03/06/content_3737574.htm,2017年03月06日 星期一,纳米药物联合化疗 有效抑制肿瘤增长
,http://sztqb.sznews.com/html/2017-03/06/content_3737575.htm,2017年03月06日 星期一,汕头武警女警官驻地普法
,http://sztqb.sznews.com/html/2017-03/06/content_3737579.htm,2017年03月06日 星期一,保护区内猎杀5只 国家保护动物岩羊
,http://sztqb.sznews.com/html/2017-03/06/content_3737570.htm,2017年03月06日 星期一,安倍晋三长期执政或成可能
,http://sztqb.sznews.com/html/2017-03/06/content_3737576.htm,2017年03月06日 星期一,美曾用网络战 破坏朝导弹试射
,http://sztqb.sznews.com/html/2017-03/06/content_3737577.htm,2017年03月06日 星期一,安倍长期执政， 是日本的救赎还是沉沦？
,http://sztqb.sznews.com/html/2017-03/06/content_3737581.htm,2017年03月06日 星期一,特朗普称大选期间遭奥巴马窃听
,http://sztqb.sznews.com/html/2017-03/06/content_3737583.htm,2017年03月06日 星期一,生还飞行员被找到
,http://sztqb.sznews.com/html/2017-03/06/content_3737584.htm,2017年03月06日 星期一,观湖用文化之“魂”提升城市发展品质
,http://sztqb.sznews.com/html/2017-03/06/content_3737572.htm,2017年03月06日 星期一,深圳男篮加时胜上海闯入半决赛
,http://sztqb.sznews.com/html/2017-03/06/content_3737578.htm,2017年03月06日 星期一,围棋名人战决赛开幕
,http://sztqb.sznews.com/html/2017-03/06/content_3737585.htm,2017年03月06日 星期一,恒大胜国安取得中超开门红
,http://sztqb.sznews.com/html/2017-03/06/content_3737601.htm,2017年03月06日 星期一,方博五战全败暂垫底 王励勤点评： 战术不明确
,http://sztqb.sznews.com/html/2017-03/06/content_3737602.htm,2017年03月06日 星期一,国际青少年网球赛 坪山站落幕
,http://sztqb.sznews.com/html/2017-03/06/content_3737603.htm,2017年03月06日 星期一,固本强基添活力
,http://sztqb.sznews.com/html/2017-03/06/content_3737580.htm,2017年03月06日 星期一,资本市场“管”“放”之间稳步前行
,http://sztqb.sznews.com/html/2017-03/06/content_3737582.htm,2017年03月06日 星期一,围绕政策热点布局A股
,http://sztqb.sznews.com/html/2017-03/06/content_3737593.htm,2017年03月06日 星期一,国内钢价涨幅收窄
,http://sztqb.sznews.com/html/2017-03/06/content_3737594.htm,2017年03月06日 星期一,上周新三板成交金额 突破60亿元
,http://sztqb.sznews.com/html/2017-03/06/content_3737595.htm,2017年03月06日 星期一,未来的投资机会 在新三板
,http://sztqb.sznews.com/html/2017-03/06/content_3737597.htm,2017年03月06日 星期一,首批大额支农融资贷款 在广东发放
,http://sztqb.sznews.com/html/2017-03/06/content_3737598.htm,2017年03月06日 星期一,本周189亿限售股解禁
,http://sztqb.sznews.com/html/2017-03/06/content_3737599.htm,2017年03月06日 星期一,最赚钱的新股来了
,http://sztqb.sznews.com/html/2017-03/06/content_3737600.htm,2017年03月06日 星期一,保险业门店进入3.0时代
,http://sztqb.sznews.com/html/2017-03/06/content_3737586.htm,2017年03月06日 星期一,结构的力量
,http://sztqb.sznews.com/html/2017-03/06/content_3737587.htm,2017年03月06日 星期一,港股升势 取决于美国因素
,http://sztqb.sznews.com/html/2017-03/06/content_3737588.htm,2017年03月06日 星期一,市场分化 盈利为轴
,http://sztqb.sznews.com/html/2017-03/06/content_3737589.htm,2017年03月06日 星期一,市场主攻方向在 周期股价值股
,http://sztqb.sznews.com/html/2017-03/06/content_3737590.htm,2017年03月06日 星期一,“特朗普牛市”面临加息阴云
,http://sztqb.sznews.com/html/2017-03/06/content_3737591.htm,2017年03月06日 星期一,深圳市水利学会发展新会员公告
,http://sztqb.sznews.com/html/2017-03/06/content_3737605.htm,2017年03月06日 星期一,《金锁记》等9部戏将在深上演
,http://sztqb.sznews.com/html/2017-03/06/content_3737608.htm,2017年03月06日 星期一,“弘扬雷锋精神” 深圳少儿文艺演出昨举行
,http://sztqb.sznews.com/html/2017-03/06/content_3737609.htm,2017年03月06日 星期一,张歆艺受邀任评委
,http://sztqb.sznews.com/html/2017-03/06/content_3737501.htm,2017年03月06日 星期一,苦难里布满光的黄金
,http://sztqb.sznews.com/html/2017-03/06/content_3737507.htm,2017年03月06日 星期一,一把名贵小提琴所带来的
,http://sztqb.sznews.com/html/2017-03/06/content_3737508.htm,2017年03月06日 星期一,碟碟不休
,http://sztqb.sznews.com/html/2017-03/06/content_3737510.htm,2017年03月06日 星期一,商界局外人(14)
,http://sztqb.sznews.com/html/2017-03/06/content_3737514.htm,2017年03月06日 星期一,智能主义(9)
,http://sztqb.sznews.com/html/2017-03/06/content_3737502.htm,2017年03月06日 星期一,深圳市旅游协会东南亚专业委员会成立
,http://sztqb.sznews.com/html/2017-03/06/content_3737504.htm,2017年03月06日 星期一,新景界主题游开启 “闺蜜旅行”新境界
,http://sztqb.sznews.com/html/2017-03/06/content_3737505.htm,2017年03月06日 星期一,澳门之旅 发掘舒适和奢华
,http://sztqb.sznews.com/html/2017-03/06/content_3737513.htm,2017年03月06日 星期一,海滨温泉 举行十周年庆典
,http://sztqb.sznews.com/html/2017-03/06/content_3737503.htm,2017年03月06日 星期一,与她相约 共赏河源高颜值春天
